Año,Trimestre,Provincia,Mbps (Media de bajada),Mbps Anterior,Tasa Crecimiento (%),Tasa de Crecimiento Nacional
2014,2,Buenos Aires,3.851862760043666,3.7331327999829305,3.1804376222908095,
2014,3,Buenos Aires,3.969046991173242,3.851862760043666,3.042274308034989,1.4460894989660875
2014,4,Buenos Aires,4.198943508236657,3.969046991173242,5.79223469953069,7.521960205964795
2015,1,Buenos Aires,4.323803709346771,4.198943508236657,2.9736099298594576,
2015,2,Buenos Aires,4.463495663548014,4.323803709346771,3.2307653999017165,4.155101136979908
2015,3,Buenos Aires,4.700597914270459,4.463495663548014,5.312030493471414,4.288346523025755
2015,4,Buenos Aires,4.884148905856541,4.700597914270459,3.9048434887154024,4.050179325947438
2016,1,Buenos Aires,4.9921684374839135,4.884148905856541,2.2116346923380568,
2016,2,Buenos Aires,5.415144367004824,4.9921684374839135,8.472789626747709,3.739131486651722
2016,3,Buenos Aires,5.914918008163684,5.415144367004824,9.229184067631623,6.436662227260549
2016,4,Buenos Aires,6.3515464502603125,5.914918008163684,7.381817321795505,4.256204195940437
2017,1,Buenos Aires,6.678482577091709,6.3515464502603125,5.147346860983716,
2017,2,Buenos Aires,7.198747751887984,6.678482577091709,7.790170428547189,4.873665540955408
2017,3,Buenos Aires,8.425706211853651,7.198747751887984,17.044054080709774,9.374415462028418
2017,4,Buenos Aires,12.9720825438982,8.425706211853651,53.95840084773557,39.68830573502551
2018,1,Buenos Aires,14.198889644680946,12.9720825438982,9.457287190635489,
2018,2,Buenos Aires,14.679375512175804,14.198889644680946,3.383967898326846,2.5246675897889332
2018,3,Buenos Aires,16.77973513236217,14.679375512175804,14.308235513453708,8.324331698442114
2018,4,Buenos Aires,16.934363010150058,16.77973513236217,0.9215156053903722,5.580367094907888
2019,1,Buenos Aires,19.643958224230506,16.934363010150058,16.000573581990537,
2019,2,Buenos Aires,22.480046018557395,19.643958224230506,14.437455842420906,18.259854430743484
2019,3,Buenos Aires,25.679380143834067,22.480046018557395,14.231884234736905,16.888360796658546
2019,4,Buenos Aires,30.769694141005864,25.679380143834067,19.82257347591797,18.884175455077578
2020,1,Buenos Aires,45.18128807375552,30.769694141005864,46.83697493613935,
2020,2,Buenos Aires,45.66197363212277,45.18128807375552,1.063904060421137,6.276316256840573
2020,3,Buenos Aires,48.37662390811511,45.66197363212277,5.9451006166816285,7.858649402260917
2020,4,Buenos Aires,50.00838083963576,48.37662390811511,3.373027714004926,4.8531219884997805
2021,1,Buenos Aires,50.78565608506508,50.00838083963576,1.554289965759621,
2021,2,Buenos Aires,52.75542937003713,50.78565608506508,3.878601630493291,11.610982484911398
2021,3,Buenos Aires,56.25755092469591,52.75542937003713,6.638409726692214,5.347604194672346
2021,4,Buenos Aires,60.2091238315554,56.25755092469591,7.02407559857859,9.657630996904675
2022,1,Buenos Aires,62.51,60.2091238315554,3.821474258422466,
2022,2,Buenos Aires,65.5,62.51,4.783234682450812,7.445952921123078
2022,3,Buenos Aires,70.19,65.5,7.160305343511447,6.3322533795106635
2022,4,Buenos Aires,111.0,70.19,58.14218549650948,72.73424530878985
2023,1,Buenos Aires,116.18,111.0,4.666666666666673,
2023,2,Buenos Aires,138.35,116.18,19.082458254432765,6.70950615695859
2023,3,Buenos Aires,146.84,138.35,6.136610046982298,3.3764198552336637
2023,4,Buenos Aires,158.49,146.84,7.9338055025878536,8.394332752049946
2024,1,Buenos Aires,159.13,158.49,0.4038109659915366,
2014,2,Capital Federal,4.249991223638481,4.024081510870217,5.613944751318175,
2014,3,Capital Federal,4.437380943390075,4.249991223638481,4.409178981578385,1.4460894989660875
2014,4,Capital Federal,4.7817877112755625,4.437380943390075,7.7614875143527255,7.521960205964795
2015,1,Capital Federal,4.999711683876372,4.7817877112755625,4.557374474967593,
2015,2,Capital Federal,5.31214873823781,4.999711683876372,6.249101430568886,4.155101136979908
2015,3,Capital Federal,5.66468043459464,5.31214873823781,6.636329548140149,4.288346523025755
2015,4,Capital Federal,5.927803522979041,5.66468043459464,4.644976736507295,4.050179325947438
2016,1,Capital Federal,6.047403702811701,5.927803522979041,2.017613764846148,
2016,2,Capital Federal,6.576218932459292,6.047403702811701,8.744500212574222,3.739131486651722
2016,3,Capital Federal,7.380172699207805,6.576218932459292,12.225167303666105,6.436662227260549
2016,4,Capital Federal,7.957596242752894,7.380172699207805,7.823984167837558,4.256204195940437
2017,1,Capital Federal,8.348147316695423,7.957596242752894,4.907902613156702,
2017,2,Capital Federal,8.843219830788254,8.348147316695423,5.930327955554134,4.873665540955408
2017,3,Capital Federal,10.635720274073307,8.843219830788254,20.269771390781724,9.374415462028418
2017,4,Capital Federal,15.20221886916041,10.635720274073307,42.93548981556853,39.68830573502551
2018,1,Capital Federal,17.74557730418008,15.20221886916041,16.730179041029267,
2018,2,Capital Federal,18.93813458927817,17.74557730418008,6.720307063874308,2.5246675897889332
2018,3,Capital Federal,21.643368364061413,18.93813458927817,14.284584165511266,8.324331698442114
2018,4,Capital Federal,22.93530199223472,21.643368364061413,5.969189298272767,5.580367094907888
2019,1,Capital Federal,24.715063293849774,22.93530199223472,7.75992093854981,
2019,2,Capital Federal,30.346259857091997,24.715063293849774,22.784471543892508,18.259854430743484
2019,3,Capital Federal,38.71410056071139,30.346259857091997,27.574537168750318,16.888360796658546
2019,4,Capital Federal,44.20317867008588,38.71410056071139,14.17849835040474,18.884175455077578
2020,1,Capital Federal,58.70568296242247,44.20317867008588,32.80873622364862,
2020,2,Capital Federal,60.4844973584038,58.70568296242247,3.030054853667145,6.276316256840573
2020,3,Capital Federal,63.80852025607172,60.4844973584038,5.495660942623472,7.858649402260917
2020,4,Capital Federal,67.32513676879374,63.80852025607172,5.51120210688069,4.8531219884997805
2021,1,Capital Federal,68.29026886796898,67.32513676879374,1.4335390100872243,
2021,2,Capital Federal,72.74675003231476,68.29026886796898,6.525792383336284,11.610982484911398
2021,3,Capital Federal,77.71207106907312,72.74675003231476,6.8254884713787405,5.347604194672346
2021,4,Capital Federal,82.94995496542248,77.71207106907312,6.740116206263183,9.657630996904675
2022,1,Capital Federal,88.22,82.94995496542248,6.353282574745614,
2022,2,Capital Federal,93.97,88.22,6.517796418045794,7.445952921123078
2022,3,Capital Federal,101.05,93.97,7.534319463658614,6.3322533795106635
2022,4,Capital Federal,182.86,101.05,80.95992083127167,72.73424530878985
2023,1,Capital Federal,188.65,182.86,3.1663567756753754,
2023,2,Capital Federal,208.01,188.65,10.262390670553929,6.70950615695859
2023,3,Capital Federal,218.13,208.01,4.865150713907988,3.3764198552336637
2023,4,Capital Federal,234.44,218.13,7.4771924998853905,8.394332752049946
2024,1,Capital Federal,229.94,234.44,-1.9194676676335096,
2014,2,Catamarca,2.915358424826804,2.8027344007923407,4.018362353658057,
2014,3,Catamarca,2.915176175040519,2.915358424826804,-0.0062513680902031386,1.4460894989660875
2014,4,Catamarca,3.336005334797788,2.915176175040519,14.435805402101277,7.521960205964795
2015,1,Catamarca,3.483603660962992,3.336005334797788,4.424403181422093,
2015,2,Catamarca,3.6825082950385535,3.483603660962992,5.709737772539178,4.155101136979908
2015,3,Catamarca,3.884563872599747,3.6825082950385535,5.486900812509324,4.288346523025755
2015,4,Catamarca,4.124268369158702,3.884563872599747,6.170692629093832,4.050179325947438
2016,1,Catamarca,4.203588449295134,4.124268369158702,1.9232521513291567,
2016,2,Catamarca,4.3648359645166135,4.203588449295134,3.8359491459854373,3.739131486651722
2016,3,Catamarca,4.725241179958494,4.3648359645166135,8.257016262964964,6.436662227260549
2016,4,Catamarca,4.885711305119858,4.725241179958494,3.3960197807887047,4.256204195940437
2017,1,Catamarca,4.973784837545127,4.885711305119858,1.8026757400293871,
2017,2,Catamarca,5.102182825899711,4.973784837545127,2.581494627297889,4.873665540955408
2017,3,Catamarca,5.260018066713561,5.102182825899711,3.093484616283183,9.374415462028418
2017,4,Catamarca,7.78415435139573,5.260018066713561,47.98721701462214,39.68830573502551
2018,1,Catamarca,8.198860528714677,7.78415435139573,5.327568783943607,
2018,2,Catamarca,7.693096507452943,8.198860528714677,-6.168711121385812,2.5246675897889332
2018,3,Catamarca,7.806521941530631,7.693096507452943,1.4743794513406043,8.324331698442114
2018,4,Catamarca,8.043920202659912,7.806521941530631,3.041024708664737,5.580367094907888
2019,1,Catamarca,7.964005155271879,8.043920202659912,-0.9934838408964699,
2019,2,Catamarca,8.81,7.964005155271879,10.622731003232762,18.259854430743484
2019,3,Catamarca,9.293407429459826,8.81,5.48703098138281,16.888360796658546
2019,4,Catamarca,24.87830767046261,9.293407429459826,167.69845031865398,18.884175455077578
2020,1,Catamarca,29.132225012939607,24.87830767046261,17.098901576523087,
2020,2,Catamarca,34.92595642857143,29.132225012939607,19.88770652793748,6.276316256840573
2020,3,Catamarca,36.540436607329845,34.92595642857143,4.6225797196427685,7.858649402260917
2020,4,Catamarca,37.6500877273544,36.540436607329845,3.0367757559907416,4.8531219884997805
2021,1,Catamarca,39.96652623965282,37.6500877273544,6.1525447937148545,
2021,2,Catamarca,42.18506376779111,39.96652623965282,5.550989132343358,11.610982484911398
2021,3,Catamarca,43.43333599763174,42.18506376779111,2.9590383855095737,5.347604194672346
2021,4,Catamarca,46.380057758939095,43.43333599763174,6.784470254525308,9.657630996904675
2022,1,Catamarca,51.22,46.380057758939095,10.435395027355424,
2022,2,Catamarca,56.56,51.22,10.42561499414292,7.445952921123078
2022,3,Catamarca,60.99,56.56,7.832390381895332,6.3322533795106635
2022,4,Catamarca,83.33,60.99,36.628955566486304,72.73424530878985
2023,1,Catamarca,87.41,83.33,4.896195847833911,
2023,2,Catamarca,86.13,87.41,-1.464363345155018,6.70950615695859
2023,3,Catamarca,87.9,86.13,2.0550330895158604,3.3764198552336637
2023,4,Catamarca,89.4,87.9,1.7064846416382253,8.394332752049946
2024,1,Catamarca,91.45,89.4,2.2930648769574913,
2014,2,Chaco,3.4206301023632,3.2558373037444444,5.061456800351554,
2014,3,Chaco,3.461947812450996,3.4206301023632,1.2078976343934675,1.4460894989660875
2014,4,Chaco,3.977400363306085,3.461947812450996,14.88909073098239,7.521960205964795
2015,1,Chaco,4.899908797030372,3.977400363306085,23.19375344345476,
2015,2,Chaco,5.194771414259476,4.899908797030372,6.017716440106137,4.155101136979908
2015,3,Chaco,5.46643296553986,5.194771414259476,5.229518868427626,4.288346523025755
2015,4,Chaco,5.828384180790961,5.46643296553986,6.62134187929907,4.050179325947438
2016,1,Chaco,5.991472683208309,5.828384180790961,2.7981769450759897,
2016,2,Chaco,6.297357510958081,5.991472683208309,5.1053362657739205,3.739131486651722
2016,3,Chaco,6.718220363245951,6.297357510958081,6.68316593992835,6.436662227260549
2016,4,Chaco,7.077531005919823,6.718220363245951,5.348300937545742,4.256204195940437
2017,1,Chaco,7.307905398272823,7.077531005919823,3.255010711508129,
2017,2,Chaco,7.689213433544128,7.307905398272823,5.217747281750874,4.873665540955408
2017,3,Chaco,8.484871287555498,7.689213433544128,10.34771450796669,9.374415462028418
2017,4,Chaco,11.702868121959405,8.484871287555498,37.92628933715995,39.68830573502551
2018,1,Chaco,12.444064678644969,11.702868121959405,6.3334607291248,
2018,2,Chaco,12.499460181995785,12.444064678644969,0.44515602241990276,2.5246675897889332
2018,3,Chaco,12.89496189060927,12.499460181995785,3.164150314132493,8.324331698442114
2018,4,Chaco,13.492083570210347,12.89496189060927,4.630658738401777,5.580367094907888
2019,1,Chaco,13.444236269077935,13.492083570210347,-0.3546324100604896,
2019,2,Chaco,16.01024333099657,13.444236269077935,19.08629847439168,18.259854430743484
2019,3,Chaco,19.994668122685404,16.01024333099657,24.886722264706645,16.888360796658546
2019,4,Chaco,23.37495080016229,19.994668122685404,16.90592040205813,18.884175455077578
2020,1,Chaco,25.942049334121737,23.37495080016229,10.98226283300509,
2020,2,Chaco,27.95228467436429,25.942049334121737,7.748945792029148,6.276316256840573
2020,3,Chaco,30.802726948564217,27.95228467436429,10.197528779513815,7.858649402260917
2020,4,Chaco,32.45204676418101,30.802726948564217,5.3544603968697455,4.8531219884997805
2021,1,Chaco,33.6262012999863,32.45204676418101,3.618121668372735,
2021,2,Chaco,37.39690959622207,33.6262012999863,11.213601746437266,11.610982484911398
2021,3,Chaco,39.113135809207584,37.39690959622207,4.589219353994128,5.347604194672346
2021,4,Chaco,42.342637514688604,39.113135809207584,8.256821240911005,9.657630996904675
2022,1,Chaco,45.84,42.342637514688604,8.259670843834819,
2022,2,Chaco,50.61,45.84,10.405759162303656,7.445952921123078
2022,3,Chaco,53.21,50.61,5.13732463939933,6.3322533795106635
2022,4,Chaco,104.02,53.21,95.48956962976884,72.73424530878985
2023,1,Chaco,104.33,104.02,0.2980196116131535,
2023,2,Chaco,105.45,104.33,1.0735167257739908,6.70950615695859
2023,3,Chaco,107.5,105.45,1.9440493124703622,3.3764198552336637
2023,4,Chaco,107.14,107.5,-0.334883720930232,8.394332752049946
2024,1,Chaco,107.51,107.14,0.3453425424678034,
2014,2,Chubut,3.156405252857589,3.1759166751464583,-0.6143556108243767,
2014,3,Chubut,3.165741790763976,3.156405252857589,0.29579655204079297,1.4460894989660875
2014,4,Chubut,3.174649158131256,3.165741790763976,0.28136746317299455,7.521960205964795
2015,1,Chubut,3.213156577759796,3.174649158131256,1.2129661487131767,
2015,2,Chubut,3.216571647485116,3.213156577759796,0.10628394983790872,4.155101136979908
2015,3,Chubut,3.2790384114749496,3.216571647485116,1.942029304358059,4.288346523025755
2015,4,Chubut,3.283865031613298,3.2790384114749496,0.14719620610290915,4.050179325947438
2016,1,Chubut,3.3796639330714164,3.283865031613298,2.9172606223421593,
2016,2,Chubut,3.335973498985547,3.3796639330714164,-1.292744928226153,3.739131486651722
2016,3,Chubut,3.343866327984636,3.335973498985547,0.23659747301617087,6.436662227260549
2016,4,Chubut,3.407191291444817,3.343866327984636,1.893764799454377,4.256204195940437
2017,1,Chubut,3.4433862008733622,3.407191291444817,1.0623092844662971,
2017,2,Chubut,3.44726909222351,3.4433862008733622,0.11276374834641024,4.873665540955408
2017,3,Chubut,3.4783469156690874,3.44726909222351,0.9015200906620234,9.374415462028418
2017,4,Chubut,5.408238076890145,3.4783469156690874,55.4829983325521,39.68830573502551
2018,1,Chubut,5.418637938827784,5.408238076890145,0.19229667388494917,
2018,2,Chubut,5.329857730598913,5.418637938827784,-1.6384229622117232,2.5246675897889332
2018,3,Chubut,6.076722322942862,5.329857730598913,14.01284293305187,8.324331698442114
2018,4,Chubut,6.085223903684034,6.076722322942862,0.1399040517134436,5.580367094907888
2019,1,Chubut,5.891730569196159,6.085223903684034,-3.179724157244791,
2019,2,Chubut,6.054406893543786,5.891730569196159,2.761095783947603,18.259854430743484
2019,3,Chubut,6.966323588474291,6.054406893543786,15.062031854894686,16.888360796658546
2019,4,Chubut,6.994113523445059,6.966323588474291,0.39891823309423646,18.884175455077578
2020,1,Chubut,7.117047781865397,6.994113523445059,1.757681770652534,
2020,2,Chubut,7.605487984559083,7.117047781865397,6.862960846465822,6.276316256840573
2020,3,Chubut,7.402074441844787,7.605487984559083,-2.674562672734123,7.858649402260917
2020,4,Chubut,7.383087626414736,7.402074441844787,-0.25650668038025604,4.8531219884997805
2021,1,Chubut,7.531527409144197,7.383087626414736,2.010538005784777,
2021,2,Chubut,7.67690621713348,7.531527409144197,1.9302699185928065,11.610982484911398
2021,3,Chubut,8.176860363136605,7.67690621713348,6.5124430579510895,5.347604194672346
2021,4,Chubut,9.082660638555469,8.176860363136605,11.077604791962024,9.657630996904675
2022,1,Chubut,13.4,9.082660638555469,47.5338618633138,
2022,2,Chubut,14.91,13.4,11.268656716417908,7.445952921123078
2022,3,Chubut,15.57,14.91,4.426559356136822,6.3322533795106635
2022,4,Chubut,15.92,15.57,2.247912652536928,72.73424530878985
2023,1,Chubut,18.36,15.92,15.326633165829143,
2023,2,Chubut,18.58,18.36,1.1982570806100157,6.70950615695859
2023,3,Chubut,19.26,18.58,3.659849300322946,3.3764198552336637
2023,4,Chubut,20.29,19.26,5.34787123572169,8.394332752049946
2024,1,Chubut,20.5,20.29,1.0349926071956672,
2014,2,Corrientes,3.3669705989802563,3.2186250823491607,4.60897162097623,
2014,3,Corrientes,3.410927776641118,3.3669705989802563,1.3055408821857546,1.4460894989660875
2014,4,Corrientes,3.806112311672501,3.410927776641118,11.58583707745748,7.521960205964795
2015,1,Corrientes,4.628190221393157,3.806112311672501,21.598887326564853,
2015,2,Corrientes,4.847197637993736,4.628190221393157,4.732031444780457,4.155101136979908
2015,3,Corrientes,5.063473816782213,4.847197637993736,4.461880759580379,4.288346523025755
2015,4,Corrientes,5.259482120492081,5.063473816782213,3.871024336301004,4.050179325947438
2016,1,Corrientes,5.37127911707625,5.259482120492081,2.12562746717179,
2016,2,Corrientes,5.601822569524247,5.37127911707625,4.292151784014682,3.739131486651722
2016,3,Corrientes,5.958192561066714,5.601822569524247,6.361679384156815,6.436662227260549
2016,4,Corrientes,6.236245604077509,5.958192561066714,4.666734754893757,4.256204195940437
2017,1,Corrientes,6.43297127701597,6.236245604077509,3.154553002367867,
2017,2,Corrientes,6.791580482607055,6.43297127701597,5.574550081893592,4.873665540955408
2017,3,Corrientes,7.447416428085263,6.791580482607055,9.656602717994362,9.374415462028418
2017,4,Corrientes,10.384400430891969,7.447416428085263,39.43628010018243,39.68830573502551
2018,1,Corrientes,11.118502865253635,10.384400430891969,7.069280881906543,
2018,2,Corrientes,10.87765289559918,11.118502865253635,-2.1662086395384583,2.5246675897889332
2018,3,Corrientes,11.493228365457124,10.87765289559918,5.659083588767485,8.324331698442114
2018,4,Corrientes,12.138923393387724,11.493228365457124,5.618047491958266,5.580367094907888
2019,1,Corrientes,12.049695550812029,12.138923393387724,-0.735055652664383,
2019,2,Corrientes,13.833035083816176,12.049695550812029,14.799872125266834,18.259854430743484
2019,3,Corrientes,16.69992255090861,13.833035083816176,20.72493454778063,16.888360796658546
2019,4,Corrientes,19.255411607971407,16.69992255090861,15.302400650497376,18.884175455077578
2020,1,Corrientes,20.538999274943325,19.255411607971407,6.666113885825922,
2020,2,Corrientes,22.15030606257576,20.538999274943325,7.845108547221949,6.276316256840573
2020,3,Corrientes,23.851523971242955,22.15030606257576,7.680335900827591,7.858649402260917
2020,4,Corrientes,25.446700896630592,23.851523971242955,6.687945505330782,4.8531219884997805
2021,1,Corrientes,25.985171359720063,25.446700896630592,2.1160718054448076,
2021,2,Corrientes,30.368054802005656,25.985171359720063,16.866863726284887,11.610982484911398
2021,3,Corrientes,32.16890082785829,30.368054802005656,5.930067097131605,5.347604194672346
2021,4,Corrientes,35.772659194287044,32.16890082785829,11.202615798758968,9.657630996904675
2022,1,Corrientes,38.11,35.772659194287044,6.533874915528316,
2022,2,Corrientes,43.31,38.11,13.644712673838896,7.445952921123078
2022,3,Corrientes,45.07,43.31,4.063726622027241,6.3322533795106635
2022,4,Corrientes,94.72,45.07,110.16197026847125,72.73424530878985
2023,1,Corrientes,94.8,94.72,0.08445945945945767,
2023,2,Corrientes,97.21,94.8,2.5421940928270006,6.70950615695859
2023,3,Corrientes,99.64,97.21,2.4997428248122695,3.3764198552336637
2023,4,Corrientes,100.9,99.64,1.2645523885989614,8.394332752049946
2024,1,Corrientes,102.49,100.9,1.5758176412289289,
2014,2,Córdoba,3.5567859606832632,3.3874045815248133,5.000329162990159,
2014,3,Córdoba,3.6600622495599104,3.5567859606832632,2.903640815563939,1.4460894989660875
2014,4,Córdoba,4.092903062184572,3.6600622495599104,11.826050572683748,7.521960205964795
2015,1,Córdoba,4.304279282006848,4.092903062184572,5.164457027463903,
2015,2,Córdoba,4.557937666200854,4.304279282006848,5.89316741723458,4.155101136979908
2015,3,Córdoba,4.867849001225086,4.557937666200854,6.7993763346603675,4.288346523025755
2015,4,Córdoba,5.067081493268407,4.867849001225086,4.092823996660135,4.050179325947438
2016,1,Córdoba,5.156801617049669,5.067081493268407,1.7706469473690964,
2016,2,Córdoba,5.516912823002807,5.156801617049669,6.98322783569026,3.739131486651722
2016,3,Córdoba,6.068526923518407,5.516912823002807,9.998600996840864,6.436662227260549
2016,4,Córdoba,6.4667403639056085,6.068526923518407,6.561945681478917,4.256204195940437
2017,1,Córdoba,6.799477637369997,6.4667403639056085,5.14536311557483,
2017,2,Córdoba,7.421321799076774,6.799477637369997,9.145469620917869,4.873665540955408
2017,3,Córdoba,9.11557287304998,7.421321799076774,22.82950557653992,9.374415462028418
2017,4,Córdoba,11.63658470115664,9.11557287304998,27.656098670002237,39.68830573502551
2018,1,Córdoba,12.790571217400483,11.63658470115664,9.91688322544622,
2018,2,Córdoba,13.876809406349514,12.790571217400483,8.49249162126001,2.5246675897889332
2018,3,Córdoba,14.8182495375679,13.876809406349514,6.784269378144067,8.324331698442114
2018,4,Córdoba,15.813667433629776,14.8182495375679,6.71751338468318,5.580367094907888
2019,1,Córdoba,15.73486422864591,15.813667433629776,-0.4983233985070529,
2019,2,Córdoba,18.43151783191278,15.73486422864591,17.138079897489764,18.259854430743484
2019,3,Córdoba,23.19340236493985,18.43151783191278,25.83555286359664,16.888360796658546
2019,4,Córdoba,26.16228061451293,23.19340236493985,12.800529231799839,18.884175455077578
2020,1,Córdoba,29.39478783506133,26.16228061451293,12.355601823012476,
2020,2,Córdoba,30.987577637139463,29.39478783506133,5.418613024239269,6.276316256840573
2020,3,Córdoba,33.51119497419789,30.987577637139463,8.143964548018765,7.858649402260917
2020,4,Córdoba,35.120601241883946,33.51119497419789,4.802592891495587,4.8531219884997805
2021,1,Córdoba,36.16879932843764,35.120601241883946,2.9845676027426378,
2021,2,Córdoba,39.59011648994794,36.16879932843764,9.459305326788362,11.610982484911398
2021,3,Córdoba,41.92778724566202,39.59011648994794,5.904682690963088,5.347604194672346
2021,4,Córdoba,46.36090745799214,41.92778724566202,10.573227216489437,9.657630996904675
2022,1,Córdoba,49.89,46.36090745799214,7.612216273388498,
2022,2,Córdoba,53.51,49.89,7.25596311886149,7.445952921123078
2022,3,Córdoba,56.32,53.51,5.251354886937025,6.3322533795106635
2022,4,Córdoba,108.77,56.32,93.12855113636363,72.73424530878985
2023,1,Córdoba,109.57,108.77,0.7354969201066445,
2023,2,Córdoba,111.82,109.57,2.05348179246144,6.70950615695859
2023,3,Córdoba,111.5,111.82,-0.2861742085494484,3.3764198552336637
2023,4,Córdoba,114.03,111.5,2.269058295964127,8.394332752049946
2024,1,Córdoba,114.89,114.03,0.7541874945189857,
2014,2,Entre Ríos,3.312400309974538,3.1672900899827185,4.5815260323253515,
2014,3,Entre Ríos,3.3996079417526825,3.312400309974538,2.6327624567459083,1.4460894989660875
2014,4,Entre Ríos,3.800051787110069,3.3996079417526825,11.779118422430084,7.521960205964795
2015,1,Entre Ríos,4.3467465057866335,3.800051787110069,14.386507061060993,
2015,2,Entre Ríos,4.55056996750087,4.3467465057866335,4.689103941140695,4.155101136979908
2015,3,Entre Ríos,4.766712366729086,4.55056996750087,4.749787406233855,4.288346523025755
2015,4,Entre Ríos,5.007855905299356,4.766712366729086,5.058906852727551,4.050179325947438
2016,1,Entre Ríos,5.084574905605243,5.007855905299356,1.5319729991572404,
2016,2,Entre Ríos,5.131142783301248,5.084574905605243,0.9158657028470312,3.739131486651722
2016,3,Entre Ríos,5.586427488329489,5.131142783301248,8.872968932182436,6.436662227260549
2016,4,Entre Ríos,5.807350829127614,5.586427488329489,3.9546443815775287,4.256204195940437
2017,1,Entre Ríos,5.9514745757075245,5.807350829127614,2.4817468553309485,
2017,2,Entre Ríos,6.287810106292773,5.9514745757075245,5.651297444134077,4.873665540955408
2017,3,Entre Ríos,6.993400639349653,6.287810106292773,11.221562374326984,9.374415462028418
2017,4,Entre Ríos,9.295960619999066,6.993400639349653,32.924754341881076,39.68830573502551
2018,1,Entre Ríos,9.87523936699876,9.295960619999066,6.2315103374410885,
2018,2,Entre Ríos,10.186702751759965,9.87523936699876,3.1539831409257544,2.5246675897889332
2018,3,Entre Ríos,10.524753506287304,10.186702751759965,3.318549316351986,8.324331698442114
2018,4,Entre Ríos,11.023282490376957,10.524753506287304,4.736728359403764,5.580367094907888
2019,1,Entre Ríos,10.659197328953976,11.023282490376957,-3.3028742730744494,
2019,2,Entre Ríos,12.193357817950574,10.659197328953976,14.392833171680763,18.259854430743484
2019,3,Entre Ríos,14.69513286650061,12.193357817950574,20.517523441057577,16.888360796658546
2019,4,Entre Ríos,17.007580897657125,14.69513286650061,15.736149187381827,18.884175455077578
2020,1,Entre Ríos,19.029765335057498,17.007580897657125,11.889900448328538,
2020,2,Entre Ríos,20.448621178442583,19.029765335057498,7.455981817974415,6.276316256840573
2020,3,Entre Ríos,22.432598646206184,20.448621178442583,9.702255474589931,7.858649402260917
2020,4,Entre Ríos,24.05327825306045,22.432598646206184,7.224662788358484,4.8531219884997805
2021,1,Entre Ríos,23.87133437318357,24.05327825306045,-0.7564203014769223,
2021,2,Entre Ríos,27.61897306203556,23.87133437318357,15.699326356309564,11.610982484911398
2021,3,Entre Ríos,29.60123187949277,27.61897306203556,7.177163368836394,5.347604194672346
2021,4,Entre Ríos,33.31712584167462,29.60123187949277,12.553173385855459,9.657630996904675
2022,1,Entre Ríos,35.59,33.31712584167462,6.821939470788231,
2022,2,Entre Ríos,40.03,35.59,12.475414442259055,7.445952921123078
2022,3,Entre Ríos,42.49,40.03,6.145390956782415,6.3322533795106635
2022,4,Entre Ríos,87.47,42.49,105.86020240056482,72.73424530878985
2023,1,Entre Ríos,86.71,87.47,-0.8688693266262777,
2023,2,Entre Ríos,89.37,86.71,3.0676969207703966,6.70950615695859
2023,3,Entre Ríos,96.26,89.37,7.709522211032785,3.3764198552336637
2023,4,Entre Ríos,101.18,96.26,5.111157282360276,8.394332752049946
2024,1,Entre Ríos,101.36,101.18,0.17790077090333326,
2014,2,Formosa,2.6523512500000006,2.573729210919676,3.054790641795231,
2014,3,Formosa,2.656283015230384,2.6523512500000006,0.14823697390695098,1.4460894989660875
2014,4,Formosa,3.023326617826618,2.656283015230384,13.817940350923024,7.521960205964795
2015,1,Formosa,3.3811501123595504,3.023326617826618,11.835423021220299,
2015,2,Formosa,3.7649156840276494,3.3811501123595504,11.35014888174505,4.155101136979908
2015,3,Formosa,4.166164102194515,3.7649156840276494,10.657567176580603,4.288346523025755
2015,4,Formosa,4.660308568580684,4.166164102194515,11.860897801070292,4.050179325947438
2016,1,Formosa,4.872333380420963,4.660308568580684,4.54958740864775,
2016,2,Formosa,5.104132195866278,4.872333380420963,4.757449816073284,3.739131486651722
2016,3,Formosa,5.416131006999096,5.104132195866278,6.11267105083014,6.436662227260549
2016,4,Formosa,5.630674164916322,5.416131006999096,3.961188487501105,4.256204195940437
2017,1,Formosa,5.742388931901572,5.630674164916322,1.9840389216858514,
2017,2,Formosa,6.1786533146404965,5.742388931901572,7.597262879831741,4.873665540955408
2017,3,Formosa,7.06882153411281,6.1786533146404965,14.407155963307314,9.374415462028418
2017,4,Formosa,10.114170463766309,7.06882153411281,43.081423331416914,39.68830573502551
2018,1,Formosa,11.056815367469506,10.114170463766309,9.320041688838371,
2018,2,Formosa,8.974986530777175,11.056815367469506,-18.828467035972444,2.5246675897889332
2018,3,Formosa,9.318495441068285,8.974986530777175,3.827403073120427,8.324331698442114
2018,4,Formosa,9.816893711913805,9.318495441068285,5.3484843556288,5.580367094907888
2019,1,Formosa,9.825089957835711,9.816893711913805,0.08349123625490339,
2019,2,Formosa,10.836611219480826,9.825089957835711,10.295287534119781,18.259854430743484
2019,3,Formosa,13.22353748406198,10.836611219480826,22.026500870403193,16.888360796658546
2019,4,Formosa,14.525629551519328,13.22353748406198,9.846775637961697,18.884175455077578
2020,1,Formosa,15.697352607415109,14.525629551519328,8.066590516713422,
2020,2,Formosa,16.870258993114398,15.697352607415109,7.472001266922115,6.276316256840573
2020,3,Formosa,18.2828320694304,16.870258993114398,8.373155841250233,7.858649402260917
2020,4,Formosa,19.6983490087788,18.2828320694304,7.742328617212424,4.8531219884997805
2021,1,Formosa,20.980327506975215,19.6983490087788,6.508050484967484,
2021,2,Formosa,23.96630452806761,20.980327506975215,14.232270778898299,11.610982484911398
2021,3,Formosa,26.68942678494665,23.96630452806761,11.362295149383234,5.347604194672346
2021,4,Formosa,28.75764894769421,26.68942678494665,7.749219117414979,9.657630996904675
2022,1,Formosa,30.28,28.75764894769421,5.293725697377819,
2022,2,Formosa,28.47,30.28,-5.977542932628805,7.445952921123078
2022,3,Formosa,30.35,28.47,6.603442219880586,6.3322533795106635
2022,4,Formosa,72.03,30.35,137.33113673805602,72.73424530878985
2023,1,Formosa,73.96,72.03,2.6794391225878003,
2023,2,Formosa,77.32,73.96,4.542996214169821,6.70950615695859
2023,3,Formosa,80.29,77.32,3.8411795137092772,3.3764198552336637
2023,4,Formosa,83.35,80.29,3.8111844563457313,8.394332752049946
2024,1,Formosa,83.8,83.35,0.5398920215956843,
2014,2,Jujuy,2.7690316794782204,2.690263349406857,2.927904068898309,
2014,3,Jujuy,2.9307053902518616,2.7690316794782204,5.838637093675506,1.4460894989660875
2014,4,Jujuy,3.127642108190794,2.9307053902518616,6.7197719222814065,7.521960205964795
2015,1,Jujuy,3.241902108598274,3.127642108190794,3.6532312986914786,
2015,2,Jujuy,3.4086788431460917,3.241902108598274,5.144409947033479,4.155101136979908
2015,3,Jujuy,3.532724551201011,3.4086788431460917,3.6391139723925847,4.288346523025755
2015,4,Jujuy,3.7246804758922982,3.532724551201011,5.433651050604227,4.050179325947438
2016,1,Jujuy,3.7712213425983374,3.7246804758922982,1.2495264226628644,
2016,2,Jujuy,3.843353043958065,3.7712213425983374,1.912688087144461,3.739131486651722
2016,3,Jujuy,4.215291130909006,3.843353043958065,9.677437453622566,6.436662227260549
2016,4,Jujuy,4.323962745742035,4.215291130909006,2.5780334372680596,4.256204195940437
2017,1,Jujuy,4.393861259634748,4.323962745742035,1.6165383006952188,
2017,2,Jujuy,4.541861878194008,4.393861259634748,3.36834983659824,4.873665540955408
2017,3,Jujuy,4.689006725369201,4.541861878194008,3.23974729133997,9.374415462028418
2017,4,Jujuy,6.638821273566491,4.689006725369201,41.582677577494124,39.68830573502551
2018,1,Jujuy,6.741185879384532,6.638821273566491,1.541909348058841,
2018,2,Jujuy,6.289345589213642,6.741185879384532,-6.7026825584602125,2.5246675897889332
2018,3,Jujuy,7.669872151814152,6.289345589213642,21.95024177027482,8.324331698442114
2018,4,Jujuy,8.562737601752614,7.669872151814152,11.641203820161108,5.580367094907888
2019,1,Jujuy,8.560464217465055,8.562737601752614,-0.0265497366997856,
2019,2,Jujuy,12.073382280507326,8.560464217465055,41.03653696577829,18.259854430743484
2019,3,Jujuy,11.968240929924349,12.073382280507326,-0.870852493031136,16.888360796658546
2019,4,Jujuy,12.959200042804213,11.968240929924349,8.279906117215235,18.884175455077578
2020,1,Jujuy,14.14492205715465,12.959200042804213,9.149654380162355,
2020,2,Jujuy,15.864013631862552,14.14492205715465,12.153418504263632,6.276316256840573
2020,3,Jujuy,21.910419686869957,15.864013631862552,38.113974151303815,7.858649402260917
2020,4,Jujuy,25.20639328416149,21.910419686869957,15.042950543145814,4.8531219884997805
2021,1,Jujuy,26.777362312404005,25.20639328416149,6.232422903714823,
2021,2,Jujuy,25.812477856862227,26.777362312404005,-3.603358853216164,11.610982484911398
2021,3,Jujuy,25.980702520297545,25.812477856862227,0.6517183835204544,5.347604194672346
2021,4,Jujuy,27.14434303841708,25.980702520297545,4.478864715880705,9.657630996904675
2022,1,Jujuy,27.69,27.14434303841708,2.0102050759182455,
2022,2,Jujuy,29.39,27.69,6.139400505597686,7.445952921123078
2022,3,Jujuy,32.43,29.39,10.343654304185094,6.3322533795106635
2022,4,Jujuy,39.32,32.43,21.24576009867407,72.73424530878985
2023,1,Jujuy,42.75,39.32,8.723296032553407,
2023,2,Jujuy,43.56,42.75,1.8947368421052686,6.70950615695859
2023,3,Jujuy,44.55,43.56,2.272727272727261,3.3764198552336637
2023,4,Jujuy,46.2,44.55,3.7037037037037166,8.394332752049946
2024,1,Jujuy,47.52,46.2,2.8571428571428577,
2014,2,La Pampa,2.684576055426866,2.64721042446136,1.4115096639175893,
2014,3,La Pampa,2.816519545748315,2.684576055426866,4.914872501180414,1.4460894989660875
2014,4,La Pampa,2.754208730637699,2.816519545748315,-2.2123338431887487,7.521960205964795
2015,1,La Pampa,2.8340995102178685,2.754208730637699,2.900679919116804,
2015,2,La Pampa,2.8626566401062417,2.8340995102178685,1.0076262243232883,4.155101136979908
2015,3,La Pampa,2.9149322141427945,2.8626566401062417,1.826120999080515,4.288346523025755
2015,4,La Pampa,2.936747707229629,2.9149322141427945,0.7484048164478494,4.050179325947438
2016,1,La Pampa,3.04764203627926,2.936747707229629,3.7760931515033844,
2016,2,La Pampa,3.146067806525381,3.04764203627926,3.2295712250473243,3.739131486651722
2016,3,La Pampa,3.144998426188228,3.146067806525381,-0.03399101363724738,6.436662227260549
2016,4,La Pampa,3.189559729749796,3.144998426188228,1.4168943040005573,4.256204195940437
2017,1,La Pampa,3.2208135842183347,3.189559729749796,0.9798798930468771,
2017,2,La Pampa,3.3182593614961053,3.2208135842183347,3.025501933897857,4.873665540955408
2017,3,La Pampa,3.4381011143320657,3.3182593614961053,3.6115848636354695,9.374415462028418
2017,4,La Pampa,3.975819444981504,3.4381011143320657,15.63998011599793,39.68830573502551
2018,1,La Pampa,3.995131352064104,3.975819444981504,0.48573400653232174,
2018,2,La Pampa,4.098364171057469,3.995131352064104,2.583965579505394,2.5246675897889332
2018,3,La Pampa,4.283048376167659,4.098364171057469,4.506290739471729,8.324331698442114
2018,4,La Pampa,4.319094957943483,4.283048376167659,0.8416104281333855,5.580367094907888
2019,1,La Pampa,5.057861842867403,4.319094957943483,17.104668735407483,
2019,2,La Pampa,5.492288321417966,5.057861842867403,8.589132958686706,18.259854430743484
2019,3,La Pampa,5.719666464891041,5.492288321417966,4.139952787736605,16.888360796658546
2019,4,La Pampa,6.526152195693043,5.719666464891041,14.100223076860216,18.884175455077578
2020,1,La Pampa,7.291757720474826,6.526152195693043,11.731346463036019,
2020,2,La Pampa,8.028862255598405,7.291757720474826,10.10873596435922,6.276316256840573
2020,3,La Pampa,10.697630905402091,8.028862255598405,33.239686581281106,7.858649402260917
2020,4,La Pampa,9.875605170860927,10.697630905402091,-7.684184861211254,4.8531219884997805
2021,1,La Pampa,10.728511929531797,9.875605170860927,8.636501195769405,
2021,2,La Pampa,12.27922373804818,10.728511929531797,14.45411832229802,11.610982484911398
2021,3,La Pampa,12.99161507240359,12.27922373804818,5.801599103923862,5.347604194672346
2021,4,La Pampa,13.853882842854397,12.99161507240359,6.637109902389353,9.657630996904675
2022,1,La Pampa,14.84,13.853882842854397,7.117983949562748,
2022,2,La Pampa,16.07,14.84,8.288409703504046,7.445952921123078
2022,3,La Pampa,18.1,16.07,12.63223397635346,6.3322533795106635
2022,4,La Pampa,19.1,18.1,5.524861878453039,72.73424530878985
2023,1,La Pampa,20.09,19.1,5.18324607329842,
2023,2,La Pampa,22.78,20.09,13.38974614235939,6.70950615695859
2023,3,La Pampa,24.21,22.78,6.277436347673396,3.3764198552336637
2023,4,La Pampa,25.61,24.21,5.782734407269717,8.394332752049946
2024,1,La Pampa,26.55,25.61,3.6704412338930155,
2014,2,La Rioja,3.095153343388638,2.964740372987079,4.398799017607173,
2014,3,La Rioja,3.095178784641488,3.095153343388638,0.0008219706756869935,1.4460894989660875
2014,4,La Rioja,3.582023899524448,3.095178784641488,15.729143573182997,7.521960205964795
2015,1,La Rioja,3.780402106036489,3.582023899524448,5.538159768793769,
2015,2,La Rioja,4.001551396208129,3.780402106036489,5.849888026951202,4.155101136979908
2015,3,La Rioja,4.245850575398008,4.001551396208129,6.105111617993402,4.288346523025755
2015,4,La Rioja,4.521671863926294,4.245850575398008,6.496255193870776,4.050179325947438
2016,1,La Rioja,4.616973938050446,4.521671863926294,2.1076733781694394,
2016,2,La Rioja,4.773843067001075,4.616973938050446,3.397661131630049,3.739131486651722
2016,3,La Rioja,5.076731739002066,4.773843067001075,6.344755530291564,6.436662227260549
2016,4,La Rioja,5.34376242721422,5.076731739002066,5.259893607548472,4.256204195940437
2017,1,La Rioja,5.427180473372781,5.34376242721422,1.5610358299938034,
2017,2,La Rioja,5.53385510805501,5.427180473372781,1.9655626932917387,4.873665540955408
2017,3,La Rioja,5.010090208766659,5.53385510805501,-9.46473821705172,9.374415462028418
2017,4,La Rioja,5.877588849506658,5.010090208766659,17.31503036057214,39.68830573502551
2018,1,La Rioja,5.890820604111634,5.877588849506658,0.22512215372272382,
2018,2,La Rioja,5.591861584368082,5.890820604111634,-5.074997862519989,2.5246675897889332
2018,3,La Rioja,6.156013225626096,5.591861584368082,10.08879838576633,8.324331698442114
2018,4,La Rioja,7.093382125154895,6.156013225626096,15.226882483402465,5.580367094907888
2019,1,La Rioja,7.092792286992043,7.093382125154895,-0.00831533043681542,
2019,2,La Rioja,7.894163486005089,7.092792286992043,11.298388090156482,18.259854430743484
2019,3,La Rioja,8.002375296912113,7.894163486005089,1.370782491379407,16.888360796658546
2019,4,La Rioja,8.000880364029628,8.002375296912113,-0.01868111438190104,18.884175455077578
2020,1,La Rioja,7.962418947150687,8.000880364029628,-0.48071481048330517,
2020,2,La Rioja,11.66911096197726,7.962418947150687,46.55233590984301,6.276316256840573
2020,3,La Rioja,12.194703767058195,11.66911096197726,4.504137519932164,7.858649402260917
2020,4,La Rioja,12.534655980598345,12.194703767058195,2.7877037444605195,4.8531219884997805
2021,1,La Rioja,12.697554732181876,12.534655980598345,1.2995869358973473,
2021,2,La Rioja,38.53489438300775,12.697554732181876,203.4827980330834,11.610982484911398
2021,3,La Rioja,38.86795185445044,38.53489438300775,0.8643009842776423,5.347604194672346
2021,4,La Rioja,39.69594513667998,38.86795185445044,2.130272480860696,9.657630996904675
2022,1,La Rioja,41.37,39.69594513667998,4.217193613997492,
2022,2,La Rioja,43.28,41.37,4.616872129562495,7.445952921123078
2022,3,La Rioja,44.3,43.28,2.3567467652495284,6.3322533795106635
2022,4,La Rioja,61.0,44.3,37.69751693002259,72.73424530878985
2023,1,La Rioja,63.13,61.0,3.4918032786885287,
2023,2,La Rioja,63.55,63.13,0.6652938381118242,6.70950615695859
2023,3,La Rioja,63.84,63.55,0.45633359559403036,3.3764198552336637
2023,4,La Rioja,64.18,63.84,0.5325814536340906,8.394332752049946
2024,1,La Rioja,63.71,64.18,-0.7323153630414552,
2014,2,Mendoza,3.503033182060705,3.502680556555116,0.010067304165921923,
2014,3,Mendoza,3.5028531768490665,3.503033182060705,-0.005138552856431486,1.4460894989660875
2014,4,Mendoza,3.498767768599914,3.5028531768490665,-0.11663087325936856,7.521960205964795
2015,1,Mendoza,3.499130670898351,3.498767768599914,0.010372288829632557,
2015,2,Mendoza,3.4997241088624933,3.499130670898351,0.01695958282088885,4.155101136979908
2015,3,Mendoza,3.500160951021911,3.4997241088624933,0.012482188476275247,4.288346523025755
2015,4,Mendoza,3.5017779300891023,3.500160951021911,0.046197277491455496,4.050179325947438
2016,1,Mendoza,3.5028689229788785,3.5017779300891023,0.031155399101748575,
2016,2,Mendoza,3.500168567871608,3.5028689229788785,-0.07708981314020202,3.739131486651722
2016,3,Mendoza,3.50729080145311,3.500168567871608,0.2034825878638439,6.436662227260549
2016,4,Mendoza,3.506603469745376,3.50729080145311,-0.019597226082566636,4.256204195940437
2017,1,Mendoza,3.5072942051440963,3.506603469745376,0.01969813252852275,
2017,2,Mendoza,3.507255863215121,3.5072942051440963,-0.0010932053809202219,4.873665540955408
2017,3,Mendoza,3.512962661663036,3.507255863215121,0.1627140610917229,9.374415462028418
2017,4,Mendoza,5.71002586675844,3.512962661663036,62.541604243960705,39.68830573502551
2018,1,Mendoza,5.881626969169374,5.71002586675844,3.0052596330592656,
2018,2,Mendoza,5.880529663045039,5.881626969169374,-0.01865650661094914,2.5246675897889332
2018,3,Mendoza,5.786015677158131,5.880529663045039,-1.6072359345597995,8.324331698442114
2018,4,Mendoza,5.746675102434321,5.786015677158131,-0.6799251318851007,5.580367094907888
2019,1,Mendoza,5.742764175317399,5.746675102434321,-0.06805547637912422,
2019,2,Mendoza,6.02629690452623,5.742764175317399,4.937217001308617,18.259854430743484
2019,3,Mendoza,6.10822854552147,6.02629690452623,1.359568608936323,16.888360796658546
2019,4,Mendoza,7.785200889987086,6.10822854552147,27.4543156328878,18.884175455077578
2020,1,Mendoza,8.440867710216997,7.785200889987086,8.42196405070542,
2020,2,Mendoza,9.274562732094155,8.440867710216997,9.876887667224509,6.276316256840573
2020,3,Mendoza,10.18749103459563,9.274562732094155,9.843356812309146,7.858649402260917
2020,4,Mendoza,11.093171319457166,10.18749103459563,8.8901210492941,4.8531219884997805
2021,1,Mendoza,12.599361245254226,11.093171319457166,13.577631521431902,
2021,2,Mendoza,13.465987205003026,12.599361245254226,6.87833250336584,11.610982484911398
2021,3,Mendoza,13.365156173184468,13.465987205003026,-0.7487830656863842,5.347604194672346
2021,4,Mendoza,22.23158340100516,13.365156173184468,66.33986997929796,9.657630996904675
2022,1,Mendoza,26.2,22.23158340100516,17.850355178999145,
2022,2,Mendoza,29.72,26.2,13.435114503816791,7.445952921123078
2022,3,Mendoza,34.16,29.72,14.939434724091512,6.3322533795106635
2022,4,Mendoza,38.76,34.16,13.466042154566752,72.73424530878985
2023,1,Mendoza,41.45,38.76,6.940144478844182,
2023,2,Mendoza,42.69,41.45,2.9915560916767063,6.70950615695859
2023,3,Mendoza,46.96,42.69,10.002342468962294,3.3764198552336637
2023,4,Mendoza,49.46,46.96,5.3236797274275975,8.394332752049946
2024,1,Mendoza,51.85,49.46,4.83218762636474,
2014,2,Misiones,3.540023885712756,3.403126267679909,4.022701694409292,
2014,3,Misiones,3.5775238575714927,3.540023885712756,1.0593140913563701,1.4460894989660875
2014,4,Misiones,4.025619961413459,3.5775238575714927,12.525314202828108,7.521960205964795
2015,1,Misiones,4.973004251321198,4.025619961413459,23.53387301803565,
2015,2,Misiones,5.327562649676923,4.973004251321198,7.129662080251153,4.155101136979908
2015,3,Misiones,5.634289050903693,5.327562649676923,5.757349493494367,4.288346523025755
2015,4,Misiones,5.9022914436487,5.634289050903693,4.756631942800697,4.050179325947438
2016,1,Misiones,6.000968717380309,5.9022914436487,1.6718468525947376,
2016,2,Misiones,6.233660566754793,6.000968717380309,3.8775714444327916,3.739131486651722
2016,3,Misiones,6.741222269842242,6.233660566754793,8.142273671337916,6.436662227260549
2016,4,Misiones,7.109475809101364,6.741222269842242,5.462711723755992,4.256204195940437
2017,1,Misiones,7.341041988916319,7.109475809101364,3.2571484316538486,
2017,2,Misiones,7.604338490520663,7.341041988916319,3.586636638257549,4.873665540955408
2017,3,Misiones,8.430383025286991,7.604338490520663,10.862805959993109,9.374415462028418
2017,4,Misiones,11.324123723249611,8.430383025286991,34.325139074735105,39.68830573502551
2018,1,Misiones,12.082189465143012,11.324123723249611,6.69425520614025,
2018,2,Misiones,11.759657402552,12.082189465143012,-2.669483569360618,2.5246675897889332
2018,3,Misiones,12.487485758721087,11.759657402552,6.189196940474979,8.324331698442114
2018,4,Misiones,12.495112674155788,12.487485758721087,0.06107646953169968,5.580367094907888
2019,1,Misiones,12.512773459683505,12.495112674155788,0.14134154679729694,
2019,2,Misiones,14.50130254739236,12.512773459683505,15.891993043076738,18.259854430743484
2019,3,Misiones,17.931522461372833,14.50130254739236,23.654564152220235,16.888360796658546
2019,4,Misiones,20.32034743574273,17.931522461372833,13.321930580717734,18.884175455077578
2020,1,Misiones,22.148213068436263,20.32034743574273,8.995247933007224,
2020,2,Misiones,22.560122617583183,22.148213068436263,1.8597868273803893,6.276316256840573
2020,3,Misiones,24.14176187252152,22.560122617583183,7.01077419546302,7.858649402260917
2020,4,Misiones,24.956617779680364,24.14176187252152,3.3752959351584186,4.8531219884997805
2021,1,Misiones,25.076826126081443,24.956617779680364,0.4816692208146562,
2021,2,Misiones,28.682221735396933,25.076826126081443,14.377400039336147,11.610982484911398
2021,3,Misiones,30.87871831426499,28.682221735396933,7.658041971544155,5.347604194672346
2021,4,Misiones,38.90334925090757,30.87871831426499,25.987577771113163,9.657630996904675
2022,1,Misiones,41.87,38.90334925090757,7.625694975409404,
2022,2,Misiones,46.23,41.87,10.41318366372104,7.445952921123078
2022,3,Misiones,49.3,46.23,6.64070949599827,6.3322533795106635
2022,4,Misiones,91.24,49.3,85.0709939148073,72.73424530878985
2023,1,Misiones,89.81,91.24,-1.567295046032434,
2023,2,Misiones,90.55,89.81,0.8239616969157051,6.70950615695859
2023,3,Misiones,91.49,90.55,1.0381004969630014,3.3764198552336637
2023,4,Misiones,93.65,91.49,2.3609137610667954,8.394332752049946
2024,1,Misiones,94.98,93.65,1.420181526962091,
2014,2,Neuquén,3.6647043380451545,3.5493016508254125,3.2514195346823898,
2014,3,Neuquén,3.7429104879160966,3.6647043380451545,2.1340370915886555,1.4460894989660875
2014,4,Neuquén,3.850772582597391,3.7429104879160966,2.8817706175321223,7.521960205964795
2015,1,Neuquén,3.911491638198585,3.850772582597391,1.5768019091960592,
2015,2,Neuquén,4.059617737533036,3.911491638198585,3.786946593158755,4.155101136979908
2015,3,Neuquén,4.2299439848957405,4.059617737533036,4.195622799357687,4.288346523025755
2015,4,Neuquén,4.355592861552936,4.2299439848957405,2.970461951880734,4.050179325947438
2016,1,Neuquén,4.420493149015266,4.355592861552936,1.4900448578472203,
2016,2,Neuquén,4.86640695565863,4.420493149015266,10.087422185977099,3.739131486651722
2016,3,Neuquén,5.292166864731292,4.86640695565863,8.748958172879288,6.436662227260549
2016,4,Neuquén,5.678446306542373,5.292166864731292,7.299079029147247,4.256204195940437
2017,1,Neuquén,6.0348361444213925,5.678446306542373,6.276185749408391,
2017,2,Neuquén,6.700610698446883,6.0348361444213925,11.032189409830668,4.873665540955408
2017,3,Neuquén,8.16517738570226,6.700610698446883,21.857212023895745,9.374415462028418
2017,4,Neuquén,10.719151524540267,8.16517738570226,31.278856762012026,39.68830573502551
2018,1,Neuquén,11.96045995607415,10.719151524540267,11.580286263255532,
2018,2,Neuquén,13.365011560107956,11.96045995607415,11.743290886739691,2.5246675897889332
2018,3,Neuquén,14.674244286624784,13.365011560107956,9.7959715233217,8.324331698442114
2018,4,Neuquén,15.89123364607043,14.674244286624784,8.293369904949058,5.580367094907888
2019,1,Neuquén,15.88465326391522,15.89123364607043,-0.04140888178833972,
2019,2,Neuquén,17.242865250195976,15.88465326391522,8.550466690803837,18.259854430743484
2019,3,Neuquén,23.74841515996666,17.242865250195976,37.728937826599015,16.888360796658546
2019,4,Neuquén,26.01988431478295,23.74841515996666,9.564718906570926,18.884175455077578
2020,1,Neuquén,27.76828207897622,26.01988431478295,6.719467861738091,
2020,2,Neuquén,29.100147623878517,27.76828207897622,4.79635557257131,6.276316256840573
2020,3,Neuquén,31.46090402703376,29.100147623878517,8.112523804580608,7.858649402260917
2020,4,Neuquén,33.90786486677393,31.46090402703376,7.777782983087647,4.8531219884997805
2021,1,Neuquén,34.23850264753642,33.90786486677393,0.9751064599956091,
2021,2,Neuquén,36.10972145846688,34.23850264753642,5.465247210701542,11.610982484911398
2021,3,Neuquén,38.34222315428742,36.10972145846688,6.1825503095844825,5.347604194672346
2021,4,Neuquén,40.092530111167584,38.34222315428742,4.564959496054802,9.657630996904675
2022,1,Neuquén,43.05,40.092530111167584,7.376610756746989,
2022,2,Neuquén,46.53,43.05,8.083623693379801,7.445952921123078
2022,3,Neuquén,47.81,46.53,2.750913389211264,6.3322533795106635
2022,4,Neuquén,95.37,47.81,99.47709684166493,72.73424530878985
2023,1,Neuquén,93.42,95.37,-2.0446681346335356,
2023,2,Neuquén,93.97,93.42,0.5887390280453834,6.70950615695859
2023,3,Neuquén,96.57,93.97,2.7668404810045697,3.3764198552336637
2023,4,Neuquén,99.63,96.57,3.168685927306619,8.394332752049946
2024,1,Neuquén,98.16,99.63,-1.4754591990364336,
2014,2,Río Negro,3.4286257504445143,3.353796318189495,2.2311859503565463,
2014,3,Río Negro,3.4799791702900404,3.4286257504445143,1.4977843481128916,1.4460894989660875
2014,4,Río Negro,3.543129254254254,3.4799791702900404,1.8146684469651682,7.521960205964795
2015,1,Río Negro,3.585297088257377,3.543129254254254,1.1901297123860761,
2015,2,Río Negro,3.666734448621427,3.585297088257377,2.271425724545251,4.155101136979908
2015,3,Río Negro,3.7368314562024914,3.666734448621427,1.9117012307072985,4.288346523025755
2015,4,Río Negro,3.768932299598505,3.7368314562024914,0.8590391023050261,4.050179325947438
2016,1,Río Negro,3.826659196828916,3.768932299598505,1.5316512115794843,
2016,2,Río Negro,3.976616411905147,3.826659196828916,3.918750203846153,3.739131486651722
2016,3,Río Negro,4.162924282482748,3.976616411905147,4.685085290596161,6.436662227260549
2016,4,Río Negro,4.369930463165329,4.162924282482748,4.972614600598119,4.256204195940437
2017,1,Río Negro,4.449448877971685,4.369930463165329,1.8196723146197862,
2017,2,Río Negro,4.741350857381452,4.449448877971685,6.560407533951318,4.873665540955408
2017,3,Río Negro,5.487278804673885,4.741350857381452,15.7323929346244,9.374415462028418
2017,4,Río Negro,8.045522324672751,5.487278804673885,46.62135114803786,39.68830573502551
2018,1,Río Negro,8.976243194361576,8.045522324672751,11.56818453954985,
2018,2,Río Negro,9.509595114373948,8.976243194361576,5.94181673183049,2.5246675897889332
2018,3,Río Negro,10.06446008106754,9.509595114373948,5.834790651127757,8.324331698442114
2018,4,Río Negro,10.487005565275494,10.06446008106754,4.198391973383769,5.580367094907888
2019,1,Río Negro,10.488420648136287,10.487005565275494,0.013493678934233786,
2019,2,Río Negro,11.628050204319909,10.488420648136287,10.86559735174356,18.259854430743484
2019,3,Río Negro,15.983718503999242,11.628050204319909,37.45828598212596,16.888360796658546
2019,4,Río Negro,17.17699897385603,15.983718503999242,7.465599882519331,18.884175455077578
2020,1,Río Negro,19.06030056406124,17.17699897385603,10.964089786997476,
2020,2,Río Negro,19.679596047283173,19.06030056406124,3.2491380770229443,6.276316256840573
2020,3,Río Negro,21.07777870325876,19.679596047283173,7.104732498656182,7.858649402260917
2020,4,Río Negro,21.636719189849995,21.07777870325876,2.651799767234584,4.8531219884997805
2021,1,Río Negro,21.92390676083096,21.636719189849995,1.3273157009667513,
2021,2,Río Negro,23.74844668144268,21.92390676083096,8.322147783767377,11.610982484911398
2021,3,Río Negro,25.400065197148727,23.74844668144268,6.954638077431154,5.347604194672346
2021,4,Río Negro,27.20317045489215,25.400065197148727,7.098821376040516,9.657630996904675
2022,1,Río Negro,31.09,27.20317045489215,14.288149065392682,
2022,2,Río Negro,33.26,31.09,6.979736249597936,7.445952921123078
2022,3,Río Negro,34.13,33.26,2.6157546602525694,6.3322533795106635
2022,4,Río Negro,75.31,34.13,120.65631409317315,72.73424530878985
2023,1,Río Negro,74.4,75.31,-1.2083388660204442,
2023,2,Río Negro,70.76,74.4,-4.89247311827957,6.70950615695859
2023,3,Río Negro,70.93,70.76,0.24024872809497133,3.3764198552336637
2023,4,Río Negro,74.37,70.93,4.849851966727757,8.394332752049946
2024,1,Río Negro,75.0,74.37,0.8471157724889007,
2014,2,Salta,3.391137751108792,3.3009019792545207,2.7336701429301575,
2014,3,Salta,3.4109103624880306,3.391137751108792,0.5830671836546146,1.4460894989660875
2014,4,Salta,3.862259431502549,3.4109103624880306,13.232510416523805,7.521960205964795
2015,1,Salta,4.022777936163619,3.862259431502549,4.156077744332749,
2015,2,Salta,4.218121645686839,4.022777936163619,4.855940661480121,4.155101136979908
2015,3,Salta,4.4218314129775615,4.218121645686839,4.829395271210872,4.288346523025755
2015,4,Salta,4.673467038141578,4.4218314129775615,5.6907557449046,4.050179325947438
2016,1,Salta,4.741858784571524,4.673467038141578,1.4634049169873193,
2016,2,Salta,4.749378935322928,4.741858784571524,0.15859077828027937,3.739131486651722
2016,3,Salta,5.052874436550483,4.749378935322928,6.3902144966859655,6.436662227260549
2016,4,Salta,5.220883577846971,5.052874436550483,3.3250211024674714,4.256204195940437
2017,1,Salta,5.335371217821875,5.220883577846971,2.192878624236955,
2017,2,Salta,5.756213134839845,5.335371217821875,7.887772000047934,4.873665540955408
2017,3,Salta,6.133146206896552,5.756213134839845,6.54828206021935,9.374415462028418
2017,4,Salta,8.451742767775633,6.133146206896552,37.80435819827486,39.68830573502551
2018,1,Salta,9.1894409821995,8.451742767775633,8.728356206444483,
2018,2,Salta,8.928271706442677,9.1894409821995,-2.84205836092449,2.5246675897889332
2018,3,Salta,9.265848177562406,8.928271706442677,3.780983399913019,8.324331698442114
2018,4,Salta,10.45728408913591,9.265848177562406,12.858357796738037,5.580367094907888
2019,1,Salta,10.37710001396946,10.45728408913591,-0.766777248116969,
2019,2,Salta,12.548748750601565,10.37710001396946,20.927318168936125,18.259854430743484
2019,3,Salta,14.746465244455525,12.548748750601565,17.51343131918715,16.888360796658546
2019,4,Salta,19.08357302283381,14.746465244455525,29.41116875455276,18.884175455077578
2020,1,Salta,21.425047243902736,19.08357302283381,12.269579801787183,
2020,2,Salta,22.55853618795662,21.425047243902736,5.290485155762999,6.276316256840573
2020,3,Salta,25.261155924027737,22.55853618795662,11.980474768189842,7.858649402260917
2020,4,Salta,25.32243965074473,25.261155924027737,0.24260064306361462,4.8531219884997805
2021,1,Salta,27.31884069404982,25.32243965074473,7.883920628660178,
2021,2,Salta,29.239354220742428,27.31884069404982,7.029996434332247,11.610982484911398
2021,3,Salta,31.209681857038827,29.239354220742428,6.738615433916277,5.347604194672346
2021,4,Salta,33.940639744985226,31.209681857038827,8.750354779186821,9.657630996904675
2022,1,Salta,36.71,33.940639744985226,8.159422673887432,
2022,2,Salta,38.77,36.71,5.61154998637974,7.445952921123078
2022,3,Salta,41.33,38.77,6.603043590404939,6.3322533795106635
2022,4,Salta,75.93,41.33,83.71642874425359,72.73424530878985
2023,1,Salta,76.85,75.93,1.2116423021203575,
2023,2,Salta,79.1,76.85,2.9277813923227067,6.70950615695859
2023,3,Salta,80.8,79.1,2.1491782553729495,3.3764198552336637
2023,4,Salta,83.04,80.8,2.7722772277227836,8.394332752049946
2024,1,Salta,84.34,83.04,1.5655105973025014,
2014,2,San Juan,3.4724840645935795,3.4691384597491712,0.09643906933164507,
2014,3,San Juan,3.473725985590389,3.4724840645935795,0.035764627675970745,1.4460894989660875
2014,4,San Juan,3.4752201692281126,3.473725985590389,0.04301386015828337,7.521960205964795
2015,1,San Juan,3.4769891700932414,3.4752201692281126,0.0509032745836556,
2015,2,San Juan,3.478919289066708,3.4769891700932414,0.05551121614264574,4.155101136979908
2015,3,San Juan,3.4810928203738825,3.478919289066708,0.062477198422080424,4.288346523025755
2015,4,San Juan,3.481604116955732,3.4810928203738825,0.014687818114391986,4.050179325947438
2016,1,San Juan,3.485523490760477,3.481604116955732,0.11257379280019254,
2016,2,San Juan,3.4883718294284334,3.485523490760477,0.08171910691484321,3.739131486651722
2016,3,San Juan,3.4890674462877342,3.4883718294284334,0.019941018140111483,6.436662227260549
2016,4,San Juan,3.491135554044867,3.4890674462877342,0.059273940357139246,4.256204195940437
2017,1,San Juan,3.492435161246428,3.491135554044867,0.03722591636567167,
2017,2,San Juan,3.492033809523809,3.492435161246428,-0.011492030748994221,4.873665540955408
2017,3,San Juan,3.4497842064911834,3.492033809523809,-1.2098852799591582,9.374415462028418
2017,4,San Juan,5.832260073010133,3.4497842064911834,69.0615912159385,39.68830573502551
2018,1,San Juan,5.850581035549749,5.832260073010133,0.31413143978952146,
2018,2,San Juan,5.845597830692315,5.850581035549749,-0.08517452928444162,2.5246675897889332
2018,3,San Juan,5.738204725877363,5.845597830692315,-1.8371620478419486,8.324331698442114
2018,4,San Juan,5.715266539357845,5.738204725877363,-0.3997450006632648,5.580367094907888
2019,1,San Juan,5.839263189429536,5.715266539357845,2.1695689819152806,
2019,2,San Juan,6.118522013069041,5.839263189429536,4.782432553220598,18.259854430743484
2019,3,San Juan,6.038229508650902,6.118522013069041,-1.312285944982074,16.888360796658546
2019,4,San Juan,6.040171698468491,6.038229508650902,0.03216488897625232,18.884175455077578
2020,1,San Juan,6.036984591484099,6.040171698468491,-0.05276517197681189,
2020,2,San Juan,6.308614963196474,6.036984591484099,4.4994378832031865,6.276316256840573
2020,3,San Juan,6.027864793582682,6.308614963196474,-4.45026636197718,7.858649402260917
2020,4,San Juan,6.412867397953183,6.027864793582682,6.387047778184699,4.8531219884997805
2021,1,San Juan,6.910089995382067,6.412867397953183,7.753514404298836,
2021,2,San Juan,6.993162601626016,6.910089995382067,1.2021928267137796,11.610982484911398
2021,3,San Juan,7.041300820394967,6.993162601626016,0.6883612109599373,5.347604194672346
2021,4,San Juan,11.05274930815778,7.041300820394967,56.97027566474288,9.657630996904675
2022,1,San Juan,11.99,11.05274930815778,8.479796887734135,
2022,2,San Juan,14.44,11.99,20.433694745621345,7.445952921123078
2022,3,San Juan,15.84,14.44,9.695290858725764,6.3322533795106635
2022,4,San Juan,16.39,15.84,3.4722222222222268,72.73424530878985
2023,1,San Juan,18.7,16.39,14.093959731543615,
2023,2,San Juan,20.39,18.7,9.03743315508022,6.70950615695859
2023,3,San Juan,24.45,20.39,19.91172143207454,3.3764198552336637
2023,4,San Juan,24.78,24.45,1.34969325153375,8.394332752049946
2024,1,San Juan,30.58,24.78,23.405972558514918,
2014,2,San Luis,3.5041044810417468,3.5028153221310823,0.036803507810402855,
2014,3,San Luis,3.503113190184049,3.5041044810417468,-0.028289420679693505,1.4460894989660875
2014,4,San Luis,3.503621206358865,3.503113190184049,0.01450184870530591,7.521960205964795
2015,1,San Luis,3.5009942704654264,3.503621206358865,-0.07497773699596318,
2015,2,San Luis,3.5027709531013613,3.5009942704654264,0.05074794468882965,4.155101136979908
2015,3,San Luis,3.502753871598256,3.5027709531013613,-0.00048765686749187905,4.288346523025755
2015,4,San Luis,3.502937425860024,3.502753871598256,0.005240284316183103,4.050179325947438
2016,1,San Luis,3.5029004392386534,3.502937425860024,-0.0010558744526087687,
2016,2,San Luis,3.501983369175627,3.5029004392386534,-0.02618030626144913,3.739131486651722
2016,3,San Luis,3.5030237740401677,3.501983369175627,0.02970901785823228,6.436662227260549
2016,4,San Luis,3.502824149975052,3.5030237740401677,-0.005698621476543182,4.256204195940437
2017,1,San Luis,3.502824149975052,3.502824149975052,0.0,
2017,2,San Luis,3.502824149975052,3.502824149975052,0.0,4.873665540955408
2017,3,San Luis,3.50338739319684,3.502824149975052,0.016079688778899908,9.374415462028418
2017,4,San Luis,5.732208801354054,3.50338739319684,63.61903946121743,39.68830573502551
2018,1,San Luis,5.89436270457927,5.732208801354054,2.8288205968162177,
2018,2,San Luis,5.900575184880855,5.89436270457927,0.10539698035140099,2.5246675897889332
2018,3,San Luis,8.814987579354126,5.900575184880855,49.39200506996198,8.324331698442114
2018,4,San Luis,8.818992791900516,8.814987579354126,0.04543639466686561,5.580367094907888
2019,1,San Luis,8.708555188754593,8.818992791900516,-1.2522700239346034,
2019,2,San Luis,19.875972848399364,8.708555188754593,128.23502197086975,18.259854430743484
2019,3,San Luis,19.743826982349614,19.875972848399364,-0.6648523172056577,16.888360796658546
2019,4,San Luis,20.690353422143115,19.743826982349614,4.794037349697542,18.884175455077578
2020,1,San Luis,20.989379744282655,20.690353422143115,1.4452451151439358,
2020,2,San Luis,21.02062693689071,20.989379744282655,0.14887144350498346,6.276316256840573
2020,3,San Luis,20.84992813378867,21.02062693689071,-0.8120538155903863,7.858649402260917
2020,4,San Luis,21.252954082189127,20.84992813378867,1.9329848324384786,4.8531219884997805
2021,1,San Luis,21.594379804710776,21.252954082189127,1.6064859557936844,
2021,2,San Luis,21.66188998963924,21.594379804710776,0.3126284965763872,11.610982484911398
2021,3,San Luis,21.69870707116376,21.66188998963924,0.16996246191874698,5.347604194672346
2021,4,San Luis,20.90972444801464,21.69870707116376,-3.6360812677066354,9.657630996904675
2022,1,San Luis,20.95,20.90972444801464,0.19261636893155737,
2022,2,San Luis,19.32,20.95,-7.780429594272071,7.445952921123078
2022,3,San Luis,19.33,19.32,0.051759834368519726,6.3322533795106635
2022,4,San Luis,30.67,19.33,58.665287118468726,72.73424530878985
2023,1,San Luis,55.85,30.67,82.0997717639387,
2023,2,San Luis,103.84,55.85,85.9265890778872,6.70950615695859
2023,3,San Luis,104.97,103.84,1.0882126348227998,3.3764198552336637
2023,4,San Luis,174.59,104.97,66.32371153662952,8.394332752049946
2024,1,San Luis,179.49,174.59,2.8065754052351255,
2014,2,Santa Cruz,3.3181516601634398,3.315991479820628,0.06514432729871145,
2014,3,Santa Cruz,3.3073222601557406,3.3181516601634398,-0.3263684459548105,1.4460894989660875
2014,4,Santa Cruz,3.3330261837139634,3.3073222601557406,0.7771823105321594,7.521960205964795
2015,1,Santa Cruz,3.474217030667377,3.3330261837139634,4.236115745004012,
2015,2,Santa Cruz,3.47332349743749,3.474217030667377,-0.025718981341683836,4.155101136979908
2015,3,Santa Cruz,3.4806877443585877,3.47332349743749,0.2120230645527498,4.288346523025755
2015,4,Santa Cruz,3.4809679619106126,3.4806877443585877,0.008050637477580887,4.050179325947438
2016,1,Santa Cruz,3.48315808971074,3.4809679619106126,0.06291720648084914,
2016,2,Santa Cruz,3.5021150276004565,3.48315808971074,0.5442456931746842,3.739131486651722
2016,3,Santa Cruz,3.53583356483625,3.5021150276004565,0.962804961289249,6.436662227260549
2016,4,Santa Cruz,3.5639164089588604,3.53583356483625,0.7942354640753849,4.256204195940437
2017,1,Santa Cruz,3.591930075636318,3.5639164089588604,0.7860360194486571,
2017,2,Santa Cruz,3.60311348968991,3.591930075636318,0.31134832299347126,4.873665540955408
2017,3,Santa Cruz,3.610470505758638,3.60311348968991,0.20418496641251005,9.374415462028418
2017,4,Santa Cruz,5.206584828874508,3.610470505758638,44.207931364349754,39.68830573502551
2018,1,Santa Cruz,5.189289950855788,5.206584828874508,-0.33217317276396385,
2018,2,Santa Cruz,5.189289950855788,5.189289950855788,0.0,2.5246675897889332
2018,3,Santa Cruz,5.369715716600383,5.189289950855788,3.4768873478507336,8.324331698442114
2018,4,Santa Cruz,5.119507364772868,5.369715716600383,-4.659620081078029,5.580367094907888
2019,1,Santa Cruz,5.779992970397563,5.119507364772868,12.901350824680332,
2019,2,Santa Cruz,6.008047317560813,5.779992970397563,3.9455817391342483,18.259854430743484
2019,3,Santa Cruz,5.017746940956451,6.008047317560813,-16.482899089523322,16.888360796658546
2019,4,Santa Cruz,5.207925064069708,5.017746940956451,3.7901098909744206,18.884175455077578
2020,1,Santa Cruz,6.417170627364028,5.207925064069708,23.219334925479142,
2020,2,Santa Cruz,6.593202418178028,6.417170627364028,2.7431371399627014,6.276316256840573
2020,3,Santa Cruz,6.649363712026633,6.593202418178028,0.8518060008860615,7.858649402260917
2020,4,Santa Cruz,7.492108628119051,6.649363712026633,12.67406856641266,4.8531219884997805
2021,1,Santa Cruz,7.501531847531764,7.492108628119051,0.12577526408714945,
2021,2,Santa Cruz,7.629667005202396,7.501531847531764,1.7081198917097564,11.610982484911398
2021,3,Santa Cruz,7.692326941812981,7.629667005202396,0.8212669906544953,5.347604194672346
2021,4,Santa Cruz,8.990650984477549,7.692326941812981,16.87817031810364,9.657630996904675
2022,1,Santa Cruz,10.89,8.990650984477549,21.12582302217823,
2022,2,Santa Cruz,11.81,10.89,8.448117539026628,7.445952921123078
2022,3,Santa Cruz,12.6,11.81,6.689246401354778,6.3322533795106635
2022,4,Santa Cruz,14.33,12.6,13.730158730158735,72.73424530878985
2023,1,Santa Cruz,14.98,14.33,4.535938590369856,
2023,2,Santa Cruz,15.48,14.98,3.337783711615487,6.70950615695859
2023,3,Santa Cruz,15.67,15.48,1.2273901808785497,3.3764198552336637
2023,4,Santa Cruz,36.77,15.67,134.65220165922145,8.394332752049946
2024,1,Santa Cruz,31.6,36.77,-14.060375305955947,
2014,2,Santa Fe,3.3116910410979234,3.1474068452786788,5.219668250568941,
2014,3,Santa Fe,3.375592912249111,3.3116910410979234,1.9295843228782072,1.4460894989660875
2014,4,Santa Fe,3.780707860716513,3.375592912249111,12.001297520128979,7.521960205964795
2015,1,Santa Fe,4.063283068408137,3.780707860716513,7.474134953079151,
2015,2,Santa Fe,4.303196181656382,4.063283068408137,5.904415449505842,4.155101136979908
2015,3,Santa Fe,4.559895452402629,4.303196181656382,5.965316474310463,4.288346523025755
2015,4,Santa Fe,4.809873774553555,4.559895452402629,5.482106437752017,4.050179325947438
2016,1,Santa Fe,4.898136028952046,4.809873774553555,1.8350222591170466,
2016,2,Santa Fe,5.1385985309185065,4.898136028952046,4.909265494978652,3.739131486651722
2016,3,Santa Fe,5.6772637615647845,5.1385985309185065,10.482726513954642,6.436662227260549
2016,4,Santa Fe,6.040233328940666,5.6772637615647845,6.393389185705867,4.256204195940437
2017,1,Santa Fe,6.284036486892411,6.040233328940666,4.0363201994798406,
2017,2,Santa Fe,6.838749250446204,6.284036486892411,8.827331997687208,4.873665540955408
2017,3,Santa Fe,7.792215148399743,6.838749250446204,13.942109339530592,9.374415462028418
2017,4,Santa Fe,10.297494601847182,7.792215148399743,32.15105596721028,39.68830573502551
2018,1,Santa Fe,11.173305005746002,10.297494601847182,8.505082427930725,
2018,2,Santa Fe,11.74888462281756,11.173305005746002,5.15138194809467,2.5246675897889332
2018,3,Santa Fe,12.357326043488577,11.74888462281756,5.178716450150174,8.324331698442114
2018,4,Santa Fe,13.179234899969485,12.357326043488577,6.6511869443955876,5.580367094907888
2019,1,Santa Fe,12.986963477266004,13.179234899969485,-1.458896697439744,
2019,2,Santa Fe,15.074549058890282,12.986963477266004,16.074470258414507,18.259854430743484
2019,3,Santa Fe,18.165529686687883,15.074549058890282,20.504630790097707,16.888360796658546
2019,4,Santa Fe,20.54719701980728,18.165529686687883,13.11091597215984,18.884175455077578
2020,1,Santa Fe,22.42405677003625,20.54719701980728,9.134383382899836,
2020,2,Santa Fe,23.925791608984092,22.42405677003625,6.69698107861781,6.276316256840573
2020,3,Santa Fe,25.690941341268072,23.925791608984092,7.377602217437895,7.858649402260917
2020,4,Santa Fe,27.294352446215623,25.690941341268072,6.241153578798402,4.8531219884997805
2021,1,Santa Fe,28.130630073152936,27.294352446215623,3.0639218445838745,
2021,2,Santa Fe,30.7018831645519,28.130630073152936,9.140403484431355,11.610982484911398
2021,3,Santa Fe,33.13229624738131,30.7018831645519,7.916169408251615,5.347604194672346
2021,4,Santa Fe,36.024023837275145,33.13229624738131,8.727821242158509,9.657630996904675
2022,1,Santa Fe,38.89,36.024023837275145,7.955735804725244,
2022,2,Santa Fe,42.01,38.89,8.022627924916424,7.445952921123078
2022,3,Santa Fe,45.15,42.01,7.47441085455844,6.3322533795106635
2022,4,Santa Fe,90.3,45.15,100.0,72.73424530878985
2023,1,Santa Fe,92.22,90.3,2.1262458471760817,
2023,2,Santa Fe,94.87,92.22,2.8735632183908106,6.70950615695859
2023,3,Santa Fe,97.39,94.87,2.6562664699061833,3.3764198552336637
2023,4,Santa Fe,99.81,97.39,2.4848547078755536,8.394332752049946
2024,1,Santa Fe,100.2,99.81,0.39074241058010273,
2014,2,Santiago Del Estero,3.0697509211495944,2.949471721499205,4.077991281409952,
2014,3,Santiago Del Estero,3.0995465103889184,3.0697509211495944,0.9706191155133146,1.4460894989660875
2014,4,Santiago Del Estero,3.4582244726597287,3.0995465103889184,11.571949672915373,7.521960205964795
2015,1,Santiago Del Estero,3.571104125126239,3.4582244726597287,3.264092697247456,
2015,2,Santiago Del Estero,3.728811295360471,3.571104125126239,4.41620195626911,4.155101136979908
2015,3,Santiago Del Estero,3.911237321691457,3.728811295360471,4.892337312911684,4.288346523025755
2015,4,Santiago Del Estero,4.094101691450764,3.911237321691457,4.675358581417552,4.050179325947438
2016,1,Santiago Del Estero,4.174011564306923,4.094101691450764,1.951829213793716,
2016,2,Santiago Del Estero,4.309815179590645,4.174011564306923,3.2535514861773382,3.739131486651722
2016,3,Santiago Del Estero,4.670123087013555,4.309815179590645,8.360170736071625,6.436662227260549
2016,4,Santiago Del Estero,4.866794431448622,4.670123087013555,4.211266828961345,4.256204195940437
2017,1,Santiago Del Estero,4.948965833284994,4.866794431448622,1.688409136523017,
2017,2,Santiago Del Estero,5.05794740805446,4.948965833284994,2.202108045210057,4.873665540955408
2017,3,Santiago Del Estero,5.178558078335373,5.05794740805446,2.3845773898093094,9.374415462028418
2017,4,Santiago Del Estero,6.165600214985038,5.178558078335373,19.06017315474323,39.68830573502551
2018,1,Santiago Del Estero,6.248210722163038,6.165600214985038,1.3398615592561633,
2018,2,Santiago Del Estero,5.911001646998384,6.248210722163038,-5.396890248412059,2.5246675897889332
2018,3,Santiago Del Estero,5.779842512369051,5.911001646998384,-2.218898631096415,8.324331698442114
2018,4,Santiago Del Estero,6.309255243851745,5.779842512369051,9.15963939068814,5.580367094907888
2019,1,Santiago Del Estero,6.415070737969083,6.309255243851745,1.6771471438004226,
2019,2,Santiago Del Estero,7.103112882966522,6.415070737969083,10.725402308116452,18.259854430743484
2019,3,Santiago Del Estero,9.38941313142636,7.103112882966522,32.187299936376554,16.888360796658546
2019,4,Santiago Del Estero,9.792201844355846,9.38941313142636,4.289817769135664,18.884175455077578
2020,1,Santiago Del Estero,10.00053908049476,9.792201844355846,2.127583146777118,
2020,2,Santiago Del Estero,10.411619106122004,10.00053908049476,4.110578662994505,6.276316256840573
2020,3,Santiago Del Estero,10.87901727065974,10.411619106122004,4.489197691288061,7.858649402260917
2020,4,Santiago Del Estero,11.280765527511996,10.87901727065974,3.692872681944856,4.8531219884997805
2021,1,Santiago Del Estero,11.584174516498134,11.280765527511996,2.689613468573317,
2021,2,Santiago Del Estero,12.718797838683304,11.584174516498134,9.79459797130339,11.610982484911398
2021,3,Santiago Del Estero,13.352723533519551,12.718797838683304,4.984163620465824,5.347604194672346
2021,4,Santiago Del Estero,13.84088684951507,13.352723533519551,3.655908210561492,9.657630996904675
2022,1,Santiago Del Estero,14.5,13.84088684951507,4.762073107389239,
2022,2,Santiago Del Estero,16.34,14.5,12.689655172413792,7.445952921123078
2022,3,Santiago Del Estero,17.69,16.34,8.261933904528773,6.3322533795106635
2022,4,Santiago Del Estero,34.4,17.69,94.46014697569247,72.73424530878985
2023,1,Santiago Del Estero,36.27,34.4,5.436046511627921,
2023,2,Santiago Del Estero,37.62,36.27,3.722084367245641,6.70950615695859
2023,3,Santiago Del Estero,41.46,37.62,10.207336523126006,3.3764198552336637
2023,4,Santiago Del Estero,44.22,41.46,6.657018813314032,8.394332752049946
2024,1,Santiago Del Estero,44.9,44.22,1.537765716870194,
2014,2,Tierra Del Fuego,3.470095986812908,3.446887937323564,0.6733044389996803,
2014,3,Tierra Del Fuego,3.470981711419659,3.470095986812908,0.025524498749221566,1.4460894989660875
2014,4,Tierra Del Fuego,3.4747244698924056,3.470981711419659,0.10782996811630925,7.521960205964795
2015,1,Tierra Del Fuego,3.453878085751408,3.4747244698924056,-0.5999435155686713,
2015,2,Tierra Del Fuego,3.47751587628866,3.453878085751408,0.6843840445546443,4.155101136979908
2015,3,Tierra Del Fuego,3.477721056932716,3.47751587628866,0.005900207255845039,4.288346523025755
2015,4,Tierra Del Fuego,3.4748248642417257,3.477721056932716,-0.08327846436151189,4.050179325947438
2016,1,Tierra Del Fuego,3.475082632716791,3.4748248642417257,0.007418171710405383,
2016,2,Tierra Del Fuego,3.478692463211772,3.475082632716791,0.10387754411926221,3.739131486651722
2016,3,Tierra Del Fuego,3.47654537746248,3.478692463211772,-0.061721056747559414,6.436662227260549
2016,4,Tierra Del Fuego,3.476761467376085,3.47654537746248,0.006215650599754955,4.256204195940437
2017,1,Tierra Del Fuego,3.476761467376085,3.476761467376085,0.0,
2017,2,Tierra Del Fuego,3.476761467376085,3.476761467376085,0.0,4.873665540955408
2017,3,Tierra Del Fuego,3.475358271865121,3.476761467376085,-0.0403592689383756,9.374415462028418
2017,4,Tierra Del Fuego,5.203225704536838,3.475358271865121,49.71767793437948,39.68830573502551
2018,1,Tierra Del Fuego,5.768082036032884,5.203225704536838,10.855887550746289,
2018,2,Tierra Del Fuego,5.942745057375916,5.768082036032884,3.028095305370519,2.5246675897889332
2018,3,Tierra Del Fuego,5.98788374717833,5.942745057375916,0.7595595868005393,8.324331698442114
2018,4,Tierra Del Fuego,7.436562008214025,5.98788374717833,24.193493431103366,5.580367094907888
2019,1,Tierra Del Fuego,6.341101450612301,7.436562008214025,-14.730739236649104,
2019,2,Tierra Del Fuego,6.34,6.341101450612301,-0.017370020348675137,18.259854430743484
2019,3,Tierra Del Fuego,6.690701380143412,6.34,5.531567510148451,16.888360796658546
2019,4,Tierra Del Fuego,7.27,6.690701380143412,8.658264462016252,18.884175455077578
2020,1,Tierra Del Fuego,7.410865837696335,7.27,1.9376318802797141,
2020,2,Tierra Del Fuego,8.128329395457266,7.410865837696335,9.681237975075184,6.276316256840573
2020,3,Tierra Del Fuego,8.506676055475614,8.128329395457266,4.654666926143485,7.858649402260917
2020,4,Tierra Del Fuego,8.486806949337868,8.506676055475614,-0.23357073912502152,4.8531219884997805
2021,1,Tierra Del Fuego,8.734752396277898,8.486806949337868,2.9215398490874587,
2021,2,Tierra Del Fuego,8.591921426483484,8.734752396277898,-1.635203418648451,11.610982484911398
2021,3,Tierra Del Fuego,9.52,8.591921426483484,10.801758156863881,5.347604194672346
2021,4,Tierra Del Fuego,10.696704944050463,9.52,12.360346050950248,9.657630996904675
2022,1,Tierra Del Fuego,10.73,10.696704944050463,0.31126460086249363,
2022,2,Tierra Del Fuego,10.97,10.73,2.2367194780987902,7.445952921123078
2022,3,Tierra Del Fuego,11.01,10.97,0.36463081130354735,6.3322533795106635
2022,4,Tierra Del Fuego,13.48,11.01,22.434150772025436,72.73424530878985
2023,1,Tierra Del Fuego,14.58,13.48,8.160237388724033,
2023,2,Tierra Del Fuego,16.92,14.58,16.049382716049394,6.70950615695859
2023,3,Tierra Del Fuego,17.17,16.92,1.4775413711583922,3.3764198552336637
2023,4,Tierra Del Fuego,17.92,17.17,4.36808386721025,8.394332752049946
2024,1,Tierra Del Fuego,21.54,17.92,20.20089285714284,
2014,2,Tucumán,3.34994476711167,3.208341823551126,4.413586561166731,
2014,3,Tucumán,3.349897526769352,3.34994476711167,-0.0014101827224657928,1.4460894989660875
2014,4,Tucumán,3.860612310244953,3.349897526769352,15.245683767769917,7.521960205964795
2015,1,Tucumán,4.071078040242438,3.860612310244953,5.451615264215197,
2015,2,Tucumán,4.306812767469965,4.071078040242438,5.790474289544415,4.155101136979908
2015,3,Tucumán,4.572318667230303,4.306812767469965,6.164788536101366,4.288346523025755
2015,4,Tucumán,4.882297946330778,4.572318667230303,6.779476708876143,4.050179325947438
2016,1,Tucumán,5.004036640679885,4.882297946330778,2.493471223742063,
2016,2,Tucumán,5.200979761760874,5.004036640679885,3.9356850323588106,3.739131486651722
2016,3,Tucumán,5.544683260191403,5.200979761760874,6.6084375285890795,6.436662227260549
2016,4,Tucumán,5.7277669342021085,5.544683260191403,3.3019681272900296,4.256204195940437
2017,1,Tucumán,5.8755073256955805,5.7277669342021085,2.579371562960647,
2017,2,Tucumán,6.093280445624717,5.8755073256955805,3.706456444650161,4.873665540955408
2017,3,Tucumán,6.385176801555399,6.093280445624717,4.790463175550683,9.374415462028418
2017,4,Tucumán,9.106021307187058,6.385176801555399,42.611889853525646,39.68830573502551
2018,1,Tucumán,9.355631684806106,9.106021307187058,2.7411574078136534,
2018,2,Tucumán,13.506545729627105,9.355631684806106,44.368078871277476,2.5246675897889332
2018,3,Tucumán,15.255950362488306,13.506545729627105,12.952272682302615,8.324331698442114
2018,4,Tucumán,16.58323444553027,15.255950362488306,8.700107508906957,5.580367094907888
2019,1,Tucumán,16.573299964579572,16.58323444553027,-0.05990677502225779,
2019,2,Tucumán,18.52931788592033,16.573299964579572,11.802223609788982,18.259854430743484
2019,3,Tucumán,19.323994794580525,18.52931788592033,4.28875425179054,16.888360796658546
2019,4,Tucumán,29.87038932431276,19.323994794580525,54.576678589718966,18.884175455077578
2020,1,Tucumán,32.24553094303289,29.87038932431276,7.95149200411292,
2020,2,Tucumán,32.70453443718797,32.24553094303289,1.4234639056369802,6.276316256840573
2020,3,Tucumán,34.835801698615526,32.70453443718797,6.516733224014708,7.858649402260917
2020,4,Tucumán,36.44224682915296,34.835801698615526,4.611477423243213,4.8531219884997805
2021,1,Tucumán,37.97961958190828,36.44224682915296,4.218655232655583,
2021,2,Tucumán,40.30992032851357,37.97961958190828,6.135661105240073,11.610982484911398
2021,3,Tucumán,42.10118530571482,40.30992032851357,4.4437323681192815,5.347604194672346
2021,4,Tucumán,45.14812243339947,42.10118530571482,7.23717659148912,9.657630996904675
2022,1,Tucumán,47.24,45.14812243339947,4.6333655838875165,
2022,2,Tucumán,50.09,47.24,6.033022861981374,7.445952921123078
2022,3,Tucumán,53.36,50.09,6.528249151527242,6.3322533795106635
2022,4,Tucumán,88.33,53.36,65.5359820089955,72.73424530878985
2023,1,Tucumán,95.79,88.33,8.445601720819662,
2023,2,Tucumán,96.69,95.79,0.9395552771687978,6.70950615695859
2023,3,Tucumán,98.85,96.69,2.2339435308718554,3.3764198552336637
2023,4,Tucumán,101.55,98.85,2.731411229135056,8.394332752049946
2024,1,Tucumán,103.36,101.55,1.7823732151649456,
